168,eb3dd514-7013-49dd-b726-4420cf23a7fa,405,\N
115,941dcd7b-e7e9-4284-bf1c-cfe7835f1875,187,\N
115,941dcd7b-e7e9-4284-bf1c-cfe7835f1875,110,\N
254,44f014e1-b1e9-4cf9-8ba4-7a8dc3c68b42,287,\N
263,44f014e1-b1e9-4cf9-8ba4-7a8dc3c68b42,167,\N
262,44f014e1-b1e9-4cf9-8ba4-7a8dc3c68b42,290,\N
20,eb3dd514-7013-49dd-b726-4420cf23a7fa,161,\N
22,eb3dd514-7013-49dd-b726-4420cf23a7fa,181,\N
15,eb3dd514-7013-49dd-b726-4420cf23a7fa,437,\N
20,eb3dd514-7013-49dd-b726-4420cf23a7fa,230,\N
116,941dcd7b-e7e9-4284-bf1c-cfe7835f1875,404,\N
282,44f014e1-b1e9-4cf9-8ba4-7a8dc3c68b42,112,\N
261,44f014e1-b1e9-4cf9-8ba4-7a8dc3c68b42,289,\N
235,44f014e1-b1e9-4cf9-8ba4-7a8dc3c68b42,376,\N
263,44f014e1-b1e9-4cf9-8ba4-7a8dc3c68b42,395,\N
15,eb3dd514-7013-49dd-b726-4420cf23a7fa,119,\N
154,eb3dd514-7013-49dd-b726-4420cf23a7fa,138,\N
161,eb3dd514-7013-49dd-b726-4420cf23a7fa,161,\N
165,eb3dd514-7013-49dd-b726-4420cf23a7fa,181,\N
150,eb3dd514-7013-49dd-b726-4420cf23a7fa,119,\N
161,eb3dd514-7013-49dd-b726-4420cf23a7fa,230,\N
150,eb3dd514-7013-49dd-b726-4420cf23a7fa,437,\N
270,44f014e1-b1e9-4cf9-8ba4-7a8dc3c68b42,349,\N
255,44f014e1-b1e9-4cf9-8ba4-7a8dc3c68b42,222,\N
230,44f014e1-b1e9-4cf9-8ba4-7a8dc3c68b42,205,\N
251,44f014e1-b1e9-4cf9-8ba4-7a8dc3c68b42,90,\N
238,44f014e1-b1e9-4cf9-8ba4-7a8dc3c68b42,275,\N
262,44f014e1-b1e9-4cf9-8ba4-7a8dc3c68b42,423,\N
261,44f014e1-b1e9-4cf9-8ba4-7a8dc3c68b42,422,\N
250,44f014e1-b1e9-4cf9-8ba4-7a8dc3c68b42,386,\N
218,44f014e1-b1e9-4cf9-8ba4-7a8dc3c68b42,311,\N
264,44f014e1-b1e9-4cf9-8ba4-7a8dc3c68b42,291,\N
264,44f014e1-b1e9-4cf9-8ba4-7a8dc3c68b42,396,\N
259,44f014e1-b1e9-4cf9-8ba4-7a8dc3c68b42,162,\N
280,44f014e1-b1e9-4cf9-8ba4-7a8dc3c68b42,111,\N
211,44f014e1-b1e9-4cf9-8ba4-7a8dc3c68b42,1,696749a5-4eca-405c-93c5-f84cc7653d58
115,941dcd7b-e7e9-4284-bf1c-cfe7835f1875,37,50243553-d31d-454e-9cfd-b691ac54ca89
143,f64f4870-9549-477b-8e49-963fd1c9c756,37,50243553-d31d-454e-9cfd-b691ac54ca89
272,44f014e1-b1e9-4cf9-8ba4-7a8dc3c68b42,236,dec87f78-1e30-4aaf-a3e8-f63a4486e418
275,44f014e1-b1e9-4cf9-8ba4-7a8dc3c68b42,34,b59a874b-3eb3-4aae-8689-b4492776032c
266,44f014e1-b1e9-4cf9-8ba4-7a8dc3c68b42,469,3cc053c2-aae0-4ce3-bdfd-ef9a39bd48e1
256,44f014e1-b1e9-4cf9-8ba4-7a8dc3c68b42,97,91e25f90-6b56-4170-8e97-5f6fba0a3521
275,44f014e1-b1e9-4cf9-8ba4-7a8dc3c68b42,105,46b00466-6757-4ace-b9ce-9c2ca123f526
230,44f014e1-b1e9-4cf9-8ba4-7a8dc3c68b42,136,7a95b610-0940-4bc3-bea2-13c922e0d72c
255,44f014e1-b1e9-4cf9-8ba4-7a8dc3c68b42,155,e2abf65e-9cc7-42cd-864f-508d3a6e4063
260,44f014e1-b1e9-4cf9-8ba4-7a8dc3c68b42,165,6dd039ee-dfcf-464b-b4c1-9d1c3dd3a7ee
275,44f014e1-b1e9-4cf9-8ba4-7a8dc3c68b42,179,f0399b24-cd8f-463a-b3e9-b47d60bbb28a
165,eb3dd514-7013-49dd-b726-4420cf23a7fa,180,60e3a039-19c2-4c35-bbef-e20c94192980
22,eb3dd514-7013-49dd-b726-4420cf23a7fa,180,60e3a039-19c2-4c35-bbef-e20c94192980
216,44f014e1-b1e9-4cf9-8ba4-7a8dc3c68b42,193,92dfc23c-cf99-4e1b-8661-9c6eef619345
225,44f014e1-b1e9-4cf9-8ba4-7a8dc3c68b42,202,d8118e85-9d6a-4248-8995-890579b8a87e
287,44f014e1-b1e9-4cf9-8ba4-7a8dc3c68b42,256,176db229-2555-4ef1-8278-26ca6b6566f5
274,44f014e1-b1e9-4cf9-8ba4-7a8dc3c68b42,237,ea081df7-b502-47f4-a7e8-3dd3bba6020b
230,44f014e1-b1e9-4cf9-8ba4-7a8dc3c68b42,270,a6906284-4102-4db3-ad89-e798a6a75b17
155,eb3dd514-7013-49dd-b726-4420cf23a7fa,274,cdec245c-73b9-46f3-b489-a2bf8a3459fb
17,eb3dd514-7013-49dd-b726-4420cf23a7fa,274,cdec245c-73b9-46f3-b489-a2bf8a3459fb
224,44f014e1-b1e9-4cf9-8ba4-7a8dc3c68b42,315,74227736-8499-4c6c-9ca8-250770485075
229,44f014e1-b1e9-4cf9-8ba4-7a8dc3c68b42,322,a81b898d-9ee1-4472-b5af-4c73e6edae57
160,eb3dd514-7013-49dd-b726-4420cf23a7fa,341,3a6a340b-73dc-49b3-8304-e74577dc2538
20,eb3dd514-7013-49dd-b726-4420cf23a7fa,341,3a6a340b-73dc-49b3-8304-e74577dc2538
164,eb3dd514-7013-49dd-b726-4420cf23a7fa,400,67683630-3e51-4d3a-ade0-0934d7bc20ed
241,44f014e1-b1e9-4cf9-8ba4-7a8dc3c68b42,418,d0e402cc-d5f6-4c20-a269-baed6e9d2147
258,44f014e1-b1e9-4cf9-8ba4-7a8dc3c68b42,452,90d8018f-7eb3-483f-a838-83b2512868c2
244,44f014e1-b1e9-4cf9-8ba4-7a8dc3c68b42,461,e5a8982c-0c7f-4882-8c82-b0861912fc0f
280,44f014e1-b1e9-4cf9-8ba4-7a8dc3c68b42,433,b3fa33fe-3204-4b9b-b45f-08b8882bf08a
281,44f014e1-b1e9-4cf9-8ba4-7a8dc3c68b42,434,e843ed96-03c8-47bc-a5dd-e69fca5725ee
245,44f014e1-b1e9-4cf9-8ba4-7a8dc3c68b42,447,bd83c747-da54-4b84-a944-97b1bd3ea8a9
163,eb3dd514-7013-49dd-b726-4420cf23a7fa,471,c5da424b-2a8b-4f54-becc-d122c7a75aa7
218,44f014e1-b1e9-4cf9-8ba4-7a8dc3c68b42,2,36ec2e24-e47e-4cb6-83cd-0fbbd0f63cdc
106,941dcd7b-e7e9-4284-bf1c-cfe7835f1875,3,7a4f9b6a-699b-4b33-b6f2-b2d22aa90aaa
142,f64f4870-9549-477b-8e49-963fd1c9c756,3,7a4f9b6a-699b-4b33-b6f2-b2d22aa90aaa
221,44f014e1-b1e9-4cf9-8ba4-7a8dc3c68b42,4,334896dd-a82c-4133-98e1-586147a07bb1
152,eb3dd514-7013-49dd-b726-4420cf23a7fa,5,83a7fbc3-d440-4bc6-8c64-2d82b5b6d29d
16,eb3dd514-7013-49dd-b726-4420cf23a7fa,5,83a7fbc3-d440-4bc6-8c64-2d82b5b6d29d
152,eb3dd514-7013-49dd-b726-4420cf23a7fa,6,9bcaadae-c441-40f4-8af8-6ca90818e067
16,eb3dd514-7013-49dd-b726-4420cf23a7fa,6,9bcaadae-c441-40f4-8af8-6ca90818e067
230,44f014e1-b1e9-4cf9-8ba4-7a8dc3c68b42,7,cc097d9c-0e9f-49e8-a2e5-ea492ef320be
230,44f014e1-b1e9-4cf9-8ba4-7a8dc3c68b42,66,d3c3f337-42e2-4616-b916-ea86e9a65d7d
236,44f014e1-b1e9-4cf9-8ba4-7a8dc3c68b42,8,2ab5f749-a4b0-460b-a49a-059f2ff8b573
237,44f014e1-b1e9-4cf9-8ba4-7a8dc3c68b42,9,255eee00-6dd2-4926-bebc-8619b549028a
242,44f014e1-b1e9-4cf9-8ba4-7a8dc3c68b42,10,e7dd3fdf-3f59-4aab-94f8-3c5833adb7bd
244,44f014e1-b1e9-4cf9-8ba4-7a8dc3c68b42,11,1cbb6fa9-19c6-49c8-9c08-777383374fd4
156,eb3dd514-7013-49dd-b726-4420cf23a7fa,12,60c11e88-3e1e-4152-88f9-f6d4f6341cf5
18,eb3dd514-7013-49dd-b726-4420cf23a7fa,12,60c11e88-3e1e-4152-88f9-f6d4f6341cf5
275,44f014e1-b1e9-4cf9-8ba4-7a8dc3c68b42,35,f210a01d-6660-458a-be68-d88522992021
107,941dcd7b-e7e9-4284-bf1c-cfe7835f1875,13,d70d65b4-5d1c-407e-b98b-a505f5ff1270
143,f64f4870-9549-477b-8e49-963fd1c9c756,13,d70d65b4-5d1c-407e-b98b-a505f5ff1270
248,44f014e1-b1e9-4cf9-8ba4-7a8dc3c68b42,14,df1c0d13-6f31-4883-906b-b2a83c8526cc
157,eb3dd514-7013-49dd-b726-4420cf23a7fa,15,01dbe1b1-c7b9-4aa2-8e72-42d9bab9151f
19,eb3dd514-7013-49dd-b726-4420cf23a7fa,15,01dbe1b1-c7b9-4aa2-8e72-42d9bab9151f
158,eb3dd514-7013-49dd-b726-4420cf23a7fa,16,263bf554-00b9-4025-8aa4-eae7842b36c8
255,44f014e1-b1e9-4cf9-8ba4-7a8dc3c68b42,17,928c06df-8ab2-4b33-9c61-7a68cb634b48
107,941dcd7b-e7e9-4284-bf1c-cfe7835f1875,18,2a787414-6622-4851-a9a7-50b0cbe2d1de
143,f64f4870-9549-477b-8e49-963fd1c9c756,18,2a787414-6622-4851-a9a7-50b0cbe2d1de
224,44f014e1-b1e9-4cf9-8ba4-7a8dc3c68b42,64,98523b2d-b52b-4fea-aa27-b4ebf00a8ab6
256,44f014e1-b1e9-4cf9-8ba4-7a8dc3c68b42,19,ccc63d0a-4090-40b4-9277-56e9649fc874
160,eb3dd514-7013-49dd-b726-4420cf23a7fa,20,f8d82e8a-8681-4fcc-b7da-0bbe37ccc6cb
20,eb3dd514-7013-49dd-b726-4420cf23a7fa,20,f8d82e8a-8681-4fcc-b7da-0bbe37ccc6cb
259,44f014e1-b1e9-4cf9-8ba4-7a8dc3c68b42,21,f5b91f52-e72c-407d-92d4-198480008f38
259,44f014e1-b1e9-4cf9-8ba4-7a8dc3c68b42,22,b5e9a2bd-1f0e-4ee3-80d3-e9b44871f3ae
108,941dcd7b-e7e9-4284-bf1c-cfe7835f1875,23,809a2f0d-1eeb-4a06-9477-17db2ebc00c1
277,44f014e1-b1e9-4cf9-8ba4-7a8dc3c68b42,36,43e7d9e1-f9f8-46b9-ba34-784bfd282b14
260,44f014e1-b1e9-4cf9-8ba4-7a8dc3c68b42,24,a2ba07d6-c779-4899-a507-650004e4a636
162,eb3dd514-7013-49dd-b726-4420cf23a7fa,25,7fb8103c-8675-4e19-b476-837f44b003b5
21,eb3dd514-7013-49dd-b726-4420cf23a7fa,25,7fb8103c-8675-4e19-b476-837f44b003b5
266,44f014e1-b1e9-4cf9-8ba4-7a8dc3c68b42,26,777d5776-9c8a-4585-b868-56eb895e05ad
267,44f014e1-b1e9-4cf9-8ba4-7a8dc3c68b42,27,6649e6c2-a33d-4cd1-851f-6f4a6f10982e
163,eb3dd514-7013-49dd-b726-4420cf23a7fa,28,6b165c6c-82f9-4e13-9e30-5129ac6e9015
269,44f014e1-b1e9-4cf9-8ba4-7a8dc3c68b42,29,e6bdd45f-18af-49cc-b13e-6a056bd6dad1
271,44f014e1-b1e9-4cf9-8ba4-7a8dc3c68b42,30,c5a04f38-7b8b-4d0c-8f72-8d8d855c9083
272,44f014e1-b1e9-4cf9-8ba4-7a8dc3c68b42,31,604ee489-69b4-4a17-8264-225dd5696b7e
272,44f014e1-b1e9-4cf9-8ba4-7a8dc3c68b42,32,d6b88003-a630-474b-b89a-a4b69dea01fa
21,eb3dd514-7013-49dd-b726-4420cf23a7fa,33,ef4a0728-afdf-46d7-8f80-f7bcdc188cc9
282,44f014e1-b1e9-4cf9-8ba4-7a8dc3c68b42,38,005b1f38-806b-45c9-a4f8-401bfd46bbd3
282,44f014e1-b1e9-4cf9-8ba4-7a8dc3c68b42,39,39cdaa8e-0e48-4d64-8b41-b898e7ae16d4
168,eb3dd514-7013-49dd-b726-4420cf23a7fa,40,8f01f9b2-b6e5-4f8a-b315-1f478f3632d3
22,eb3dd514-7013-49dd-b726-4420cf23a7fa,40,8f01f9b2-b6e5-4f8a-b315-1f478f3632d3
169,eb3dd514-7013-49dd-b726-4420cf23a7fa,41,020d4aa7-0046-4854-961e-712031e4ca3b
284,44f014e1-b1e9-4cf9-8ba4-7a8dc3c68b42,42,dfda33d8-ae02-4a50-bf4c-13cebd7aaacf
285,44f014e1-b1e9-4cf9-8ba4-7a8dc3c68b42,43,66136164-1f41-4fdc-8877-2583f8c19602
171,eb3dd514-7013-49dd-b726-4420cf23a7fa,44,6bf3aaaa-e55e-45ae-9e7c-27b3de64aa04
150,eb3dd514-7013-49dd-b726-4420cf23a7fa,45,812fc3e7-4eb1-453e-bd2c-a5bfc683c198
15,eb3dd514-7013-49dd-b726-4420cf23a7fa,45,812fc3e7-4eb1-453e-bd2c-a5bfc683c198
211,44f014e1-b1e9-4cf9-8ba4-7a8dc3c68b42,46,e82b0392-15d4-47f8-bf72-bc455d744996
212,44f014e1-b1e9-4cf9-8ba4-7a8dc3c68b42,47,25975c36-1d98-4b23-ba5b-0e612ec5a048
0,f6380989-aded-4317-a435-1ae4efae316e,48,34da5813-dfb3-4627-a477-871ab6f017c3
215,44f014e1-b1e9-4cf9-8ba4-7a8dc3c68b42,49,1b559dc4-a370-4d8d-9b89-7fdd403e2e79
215,44f014e1-b1e9-4cf9-8ba4-7a8dc3c68b42,50,45c4cf1d-01bf-48a4-b189-e274d52812bb
216,44f014e1-b1e9-4cf9-8ba4-7a8dc3c68b42,51,a855b5e9-e402-4fd7-9a1b-ce81b68a36f9
150,eb3dd514-7013-49dd-b726-4420cf23a7fa,52,2da9ad54-6cee-45d9-ad81-6fe2004bd054
15,eb3dd514-7013-49dd-b726-4420cf23a7fa,52,2da9ad54-6cee-45d9-ad81-6fe2004bd054
219,44f014e1-b1e9-4cf9-8ba4-7a8dc3c68b42,53,eb21e978-ae6f-43b5-b1b1-3200da33df70
220,44f014e1-b1e9-4cf9-8ba4-7a8dc3c68b42,54,adc6698e-5a00-436f-b18c-644c5411bba7
150,eb3dd514-7013-49dd-b726-4420cf23a7fa,55,df4968a4-ae43-433c-b225-4c4f7385f859
15,eb3dd514-7013-49dd-b726-4420cf23a7fa,55,df4968a4-ae43-433c-b225-4c4f7385f859
151,eb3dd514-7013-49dd-b726-4420cf23a7fa,56,27d454a6-a2b3-41fd-a30a-b7e80af40330
229,44f014e1-b1e9-4cf9-8ba4-7a8dc3c68b42,65,c2c32450-52ee-4447-bfcd-e8f69c745ad9
151,eb3dd514-7013-49dd-b726-4420cf23a7fa,57,9786eb24-cfcc-4b39-a04e-93c8e40ec3f4
151,eb3dd514-7013-49dd-b726-4420cf23a7fa,58,5ee0739c-3245-4859-8c2a-b200a8d6cba4
221,44f014e1-b1e9-4cf9-8ba4-7a8dc3c68b42,59,1073e372-5500-45a8-8993-2e79b5f83e41
221,44f014e1-b1e9-4cf9-8ba4-7a8dc3c68b42,60,6c8f7c6f-f525-460b-85da-237e2384b046
246,44f014e1-b1e9-4cf9-8ba4-7a8dc3c68b42,83,c2120b1a-d5f8-4438-a0ac-c412b4f59ff6
222,44f014e1-b1e9-4cf9-8ba4-7a8dc3c68b42,61,c221093b-35cb-47f3-945d-a538efc0c881
223,44f014e1-b1e9-4cf9-8ba4-7a8dc3c68b42,62,e5fc937b-9a7d-4577-9c65-ef12d7bf76ec
224,44f014e1-b1e9-4cf9-8ba4-7a8dc3c68b42,63,2088615e-e202-455b-83a9-4d6df8788124
231,44f014e1-b1e9-4cf9-8ba4-7a8dc3c68b42,67,bd4bbf39-0bb5-47b0-a6da-3f690f402ac6
231,44f014e1-b1e9-4cf9-8ba4-7a8dc3c68b42,68,60954beb-5e29-481a-9841-605053034ac5
231,44f014e1-b1e9-4cf9-8ba4-7a8dc3c68b42,69,7d9cec34-b827-45a4-8366-c20a5d95829e
233,44f014e1-b1e9-4cf9-8ba4-7a8dc3c68b42,70,dfd4ac29-8357-45f3-bdff-f906afa4596d
234,44f014e1-b1e9-4cf9-8ba4-7a8dc3c68b42,71,6905f90f-7079-4488-994f-fa449296109f
234,44f014e1-b1e9-4cf9-8ba4-7a8dc3c68b42,72,644e3daf-7578-4720-ae12-7b4319192025
155,eb3dd514-7013-49dd-b726-4420cf23a7fa,73,fe2a3d35-ee76-4cb6-a7df-cb42935952de
17,eb3dd514-7013-49dd-b726-4420cf23a7fa,73,fe2a3d35-ee76-4cb6-a7df-cb42935952de
237,44f014e1-b1e9-4cf9-8ba4-7a8dc3c68b42,74,47b85904-db83-4053-adc6-2bcf4c876c8d
238,44f014e1-b1e9-4cf9-8ba4-7a8dc3c68b42,75,ab2379ff-95ad-4964-80ff-ba144cfa4bb2
238,44f014e1-b1e9-4cf9-8ba4-7a8dc3c68b42,76,5eac9c74-2705-4e2d-b9c4-48be37ceff1b
239,44f014e1-b1e9-4cf9-8ba4-7a8dc3c68b42,77,a2d81f86-f874-478d-b71a-733111c6538a
239,44f014e1-b1e9-4cf9-8ba4-7a8dc3c68b42,78,9c80dfe4-f3ef-44b8-afa6-b2cbaaf61284
239,44f014e1-b1e9-4cf9-8ba4-7a8dc3c68b42,79,4c65e715-0a7d-4667-9265-d69a3fcf33a8
240,44f014e1-b1e9-4cf9-8ba4-7a8dc3c68b42,80,bfed626c-70c1-4a3c-9ea6-9cf8d8031a30
243,44f014e1-b1e9-4cf9-8ba4-7a8dc3c68b42,81,cb4a6186-1660-4f5b-b3d9-c3bed44d88b6
246,44f014e1-b1e9-4cf9-8ba4-7a8dc3c68b42,82,7b1a660e-2fae-4157-89a8-e412e5ff6406
248,44f014e1-b1e9-4cf9-8ba4-7a8dc3c68b42,84,3d1270ec-8d51-4e0a-8684-6222a932b002
249,44f014e1-b1e9-4cf9-8ba4-7a8dc3c68b42,85,25bc88e7-0dc5-4f47-ae62-47ef15db9ea7
250,44f014e1-b1e9-4cf9-8ba4-7a8dc3c68b42,86,eb26668c-c6b3-45ca-9e36-7736659fac16
250,44f014e1-b1e9-4cf9-8ba4-7a8dc3c68b42,87,796b4cdf-0ff2-408a-a509-e9b4dd2f203c
250,44f014e1-b1e9-4cf9-8ba4-7a8dc3c68b42,88,063329c9-7b96-4b9b-b7d0-ffc3fd6642c6
251,44f014e1-b1e9-4cf9-8ba4-7a8dc3c68b42,89,3e2faf45-696c-41b5-9b8b-117ff424952d
157,eb3dd514-7013-49dd-b726-4420cf23a7fa,91,3100cf2b-2af3-458b-8035-57724b3e3bb2
19,eb3dd514-7013-49dd-b726-4420cf23a7fa,91,3100cf2b-2af3-458b-8035-57724b3e3bb2
252,44f014e1-b1e9-4cf9-8ba4-7a8dc3c68b42,92,e7c70575-805c-40e3-bfa3-82f78d3e345b
252,44f014e1-b1e9-4cf9-8ba4-7a8dc3c68b42,93,733e9d7e-0471-445c-be5b-1b02c85a57e5
253,44f014e1-b1e9-4cf9-8ba4-7a8dc3c68b42,94,f1b16e96-fcf6-4979-93d0-f3803bdf0510
254,44f014e1-b1e9-4cf9-8ba4-7a8dc3c68b42,95,2802c73f-151d-4a2b-955d-0b996eb2cf09
256,44f014e1-b1e9-4cf9-8ba4-7a8dc3c68b42,96,d70e72ef-d1cd-42bb-a28d-7535b326c27d
257,44f014e1-b1e9-4cf9-8ba4-7a8dc3c68b42,98,03d6459b-9751-4c0e-80fc-fe61c1bedb91
270,44f014e1-b1e9-4cf9-8ba4-7a8dc3c68b42,99,44d7697b-314b-4b75-8269-9623f618e6fd
270,44f014e1-b1e9-4cf9-8ba4-7a8dc3c68b42,100,b6530257-864a-4518-a8f4-fe8d26c144a7
271,44f014e1-b1e9-4cf9-8ba4-7a8dc3c68b42,101,bc62b7da-ff4d-4074-939a-3be2cc17247f
272,44f014e1-b1e9-4cf9-8ba4-7a8dc3c68b42,102,b76c88f3-eff4-4574-8f35-b83f28a08337
274,44f014e1-b1e9-4cf9-8ba4-7a8dc3c68b42,103,2274ff47-f29e-4336-a7ef-19121aed2365
275,44f014e1-b1e9-4cf9-8ba4-7a8dc3c68b42,104,890d323c-d315-4c08-9294-ba6861316c2c
276,44f014e1-b1e9-4cf9-8ba4-7a8dc3c68b42,106,fa7b1e3d-6f21-4cdb-8486-414dc6156833
245,44f014e1-b1e9-4cf9-8ba4-7a8dc3c68b42,148,e90aa4d1-8fe6-4ece-b29f-f70ae3bd033b
276,44f014e1-b1e9-4cf9-8ba4-7a8dc3c68b42,107,ae3db65b-e9a3-4ba0-8d27-7e840fd7ee96
165,eb3dd514-7013-49dd-b726-4420cf23a7fa,108,4cbe127a-94da-40b0-8997-d315f4c09b0d
277,44f014e1-b1e9-4cf9-8ba4-7a8dc3c68b42,109,4c6cc356-c6c9-484d-a3be-1763d9f0561f
282,44f014e1-b1e9-4cf9-8ba4-7a8dc3c68b42,113,f6852bff-2fd6-4192-b44c-71588e00afb1
282,44f014e1-b1e9-4cf9-8ba4-7a8dc3c68b42,114,7dfd1988-1901-46a2-812c-f9d764c9b217
284,44f014e1-b1e9-4cf9-8ba4-7a8dc3c68b42,115,c3cc937f-6d46-45e7-850e-e3ea9e8dfe14
289,44f014e1-b1e9-4cf9-8ba4-7a8dc3c68b42,116,a9937d3b-2a74-4e9f-8ab7-632257f7f13b
289,44f014e1-b1e9-4cf9-8ba4-7a8dc3c68b42,117,93a9f322-da8b-4058-849f-28d9a4ff7f30
171,eb3dd514-7013-49dd-b726-4420cf23a7fa,118,7f375436-73b1-4f77-8e0a-e6a14e895eff
211,44f014e1-b1e9-4cf9-8ba4-7a8dc3c68b42,120,aae7a1cb-84be-451b-a37c-3f524ec66fbd
217,44f014e1-b1e9-4cf9-8ba4-7a8dc3c68b42,194,ee806467-c1ee-48ed-a44a-0472a0b324d5
211,44f014e1-b1e9-4cf9-8ba4-7a8dc3c68b42,121,ff0088ea-6ff4-442c-8142-94bdc84870bc
212,44f014e1-b1e9-4cf9-8ba4-7a8dc3c68b42,122,024cc92c-4376-46cf-a301-83044cf5a8d4
215,44f014e1-b1e9-4cf9-8ba4-7a8dc3c68b42,123,d7f6088f-ca2b-4e60-9474-6ab6e07673db
215,44f014e1-b1e9-4cf9-8ba4-7a8dc3c68b42,124,336cfb97-9c1e-42fe-bb82-de7ad54141b2
217,44f014e1-b1e9-4cf9-8ba4-7a8dc3c68b42,125,a8d54b74-e955-47eb-8a3a-6fb3ea8ab102
217,44f014e1-b1e9-4cf9-8ba4-7a8dc3c68b42,126,fbe0bca4-bc8e-4dcd-8fd5-7e718bf5d7ee
219,44f014e1-b1e9-4cf9-8ba4-7a8dc3c68b42,127,be71de18-0c24-4ed2-b83d-9aed77fe3dd5
219,44f014e1-b1e9-4cf9-8ba4-7a8dc3c68b42,128,8b7def02-8524-492f-bfdd-b6b40afcb0c8
219,44f014e1-b1e9-4cf9-8ba4-7a8dc3c68b42,129,53ba82ce-9840-4fbf-9059-08f0ae382471
154,eb3dd514-7013-49dd-b726-4420cf23a7fa,140,3ae34f53-1391-4ee9-8011-15d66e123443
17,eb3dd514-7013-49dd-b726-4420cf23a7fa,140,3ae34f53-1391-4ee9-8011-15d66e123443
170,eb3dd514-7013-49dd-b726-4420cf23a7fa,189,79c058aa-96f3-4ed8-b46a-69104d88ebe5
23,eb3dd514-7013-49dd-b726-4420cf23a7fa,189,79c058aa-96f3-4ed8-b46a-69104d88ebe5
221,44f014e1-b1e9-4cf9-8ba4-7a8dc3c68b42,130,ed94cae9-7da6-4441-bc58-f8bf66900f75
222,44f014e1-b1e9-4cf9-8ba4-7a8dc3c68b42,131,9d6abbe6-e87e-460d-a095-8eee1276e83a
227,44f014e1-b1e9-4cf9-8ba4-7a8dc3c68b42,132,8d10a1ab-701c-4b6c-9be2-8e481b660a05
228,44f014e1-b1e9-4cf9-8ba4-7a8dc3c68b42,133,c3de519e-13a8-4083-8e9f-efd6f19a9121
229,44f014e1-b1e9-4cf9-8ba4-7a8dc3c68b42,134,a4aa58be-2db6-4173-8ecf-22ccc01422b2
230,44f014e1-b1e9-4cf9-8ba4-7a8dc3c68b42,135,4f783057-b947-4304-b910-45bbaf5b55bf
231,44f014e1-b1e9-4cf9-8ba4-7a8dc3c68b42,137,ed397d64-e85a-4d65-b914-16b34ad570c8
154,eb3dd514-7013-49dd-b726-4420cf23a7fa,139,e9512e1a-2b10-4363-afc1-ddf340a04c66
17,eb3dd514-7013-49dd-b726-4420cf23a7fa,139,e9512e1a-2b10-4363-afc1-ddf340a04c66
237,44f014e1-b1e9-4cf9-8ba4-7a8dc3c68b42,141,50cb452c-ba51-4dae-a6f1-d2ff928d0722
237,44f014e1-b1e9-4cf9-8ba4-7a8dc3c68b42,142,aa9cb938-b145-4afd-893f-c74afbd1da35
238,44f014e1-b1e9-4cf9-8ba4-7a8dc3c68b42,143,e8fd04a0-3b11-4ad4-9516-17ce2342dbb1
240,44f014e1-b1e9-4cf9-8ba4-7a8dc3c68b42,144,f41ad2e2-c18a-43ff-b744-0c16da6382ac
241,44f014e1-b1e9-4cf9-8ba4-7a8dc3c68b42,145,6da7e079-c44e-49be-b322-356337f3f731
242,44f014e1-b1e9-4cf9-8ba4-7a8dc3c68b42,146,b6a9a37f-91ee-4562-80a6-37fd36fa3f71
242,44f014e1-b1e9-4cf9-8ba4-7a8dc3c68b42,147,e1abd827-5cea-42a4-820b-7bd44b17f604
170,eb3dd514-7013-49dd-b726-4420cf23a7fa,254,9676f5f8-48fa-4f28-9e72-a1a3f14cf748
23,eb3dd514-7013-49dd-b726-4420cf23a7fa,254,9676f5f8-48fa-4f28-9e72-a1a3f14cf748
248,44f014e1-b1e9-4cf9-8ba4-7a8dc3c68b42,149,a5edc35f-09a0-4d5e-94a3-75b29d9fd2e4
157,eb3dd514-7013-49dd-b726-4420cf23a7fa,150,c23bc6c9-810b-41d5-b796-f24c454ed400
250,44f014e1-b1e9-4cf9-8ba4-7a8dc3c68b42,151,2180cf4d-6494-4dda-b8c1-3bd5f52f2322
251,44f014e1-b1e9-4cf9-8ba4-7a8dc3c68b42,152,2a681bea-4332-42ba-82b6-40e3597425dc
254,44f014e1-b1e9-4cf9-8ba4-7a8dc3c68b42,153,d7fb7e29-d9e4-45f2-a9e9-d2ae3b24d61e
254,44f014e1-b1e9-4cf9-8ba4-7a8dc3c68b42,154,02db6f4f-f41f-4dda-ba71-56043ae60590
255,44f014e1-b1e9-4cf9-8ba4-7a8dc3c68b42,156,375feec6-b17a-4f74-af11-f08e2f1b3f38
256,44f014e1-b1e9-4cf9-8ba4-7a8dc3c68b42,157,e749c213-d4e9-4523-82e1-c716c14660d8
256,44f014e1-b1e9-4cf9-8ba4-7a8dc3c68b42,158,35361857-12fd-49ab-ae8c-d52a9e4782d4
258,44f014e1-b1e9-4cf9-8ba4-7a8dc3c68b42,465,0e99c5e0-33c2-40dc-8dab-9f0765320115
234,44f014e1-b1e9-4cf9-8ba4-7a8dc3c68b42,207,f0c4fdd9-8517-4aed-a2ff-7891bc172e0c
257,44f014e1-b1e9-4cf9-8ba4-7a8dc3c68b42,159,9ac4ba3c-d219-465a-8119-7d8c53e27481
257,44f014e1-b1e9-4cf9-8ba4-7a8dc3c68b42,160,98e7c6f4-9b72-43c8-b36f-543a2f97868f
162,eb3dd514-7013-49dd-b726-4420cf23a7fa,163,c1c19aee-c428-4356-bea2-84691f2e1e1f
260,44f014e1-b1e9-4cf9-8ba4-7a8dc3c68b42,164,12122986-a7eb-4760-aa91-38e71c570c4a
261,44f014e1-b1e9-4cf9-8ba4-7a8dc3c68b42,166,8e146893-8dfa-4e4f-801d-b2e75f417fad
164,eb3dd514-7013-49dd-b726-4420cf23a7fa,177,a129e1ac-f331-4eba-acd3-e2b3d0dc2a5e
264,44f014e1-b1e9-4cf9-8ba4-7a8dc3c68b42,168,a8ef4218-a281-48cc-b471-bc85f11dcf27
156,eb3dd514-7013-49dd-b726-4420cf23a7fa,214,f6755f47-317f-4d51-8ad8-9bff91639e57
18,eb3dd514-7013-49dd-b726-4420cf23a7fa,214,f6755f47-317f-4d51-8ad8-9bff91639e57
264,44f014e1-b1e9-4cf9-8ba4-7a8dc3c68b42,169,7d43f2d8-7600-46e5-9e94-67d6919a2c89
267,44f014e1-b1e9-4cf9-8ba4-7a8dc3c68b42,170,2ff9a79c-4ee4-4c2f-9186-ae80ee6d4693
270,44f014e1-b1e9-4cf9-8ba4-7a8dc3c68b42,171,eec7526b-8513-400a-a3a6-d0b72eb2600a
163,eb3dd514-7013-49dd-b726-4420cf23a7fa,172,04b3b518-fd04-46c7-9f19-92efd3703b55
21,eb3dd514-7013-49dd-b726-4420cf23a7fa,172,04b3b518-fd04-46c7-9f19-92efd3703b55
271,44f014e1-b1e9-4cf9-8ba4-7a8dc3c68b42,173,a95fded7-4fd9-4a8e-b42c-db40113e4efb
272,44f014e1-b1e9-4cf9-8ba4-7a8dc3c68b42,174,153ba88a-ab3c-48a2-a950-6b1a0f9c00c8
273,44f014e1-b1e9-4cf9-8ba4-7a8dc3c68b42,175,b14a1cda-429a-4c3c-a54f-033aed92006e
274,44f014e1-b1e9-4cf9-8ba4-7a8dc3c68b42,176,4d137f07-7f45-4593-b04b-563708e52b39
275,44f014e1-b1e9-4cf9-8ba4-7a8dc3c68b42,178,d1912b61-18ae-438f-85ec-360782cfe06b
277,44f014e1-b1e9-4cf9-8ba4-7a8dc3c68b42,182,0e3b32b4-8db5-43b2-a3cc-0f0dcacef73f
277,44f014e1-b1e9-4cf9-8ba4-7a8dc3c68b42,183,9562539f-ec04-4842-ad99-75aa04fa63a6
278,44f014e1-b1e9-4cf9-8ba4-7a8dc3c68b42,184,807a15ee-f810-45b8-a217-614fd79459b3
279,44f014e1-b1e9-4cf9-8ba4-7a8dc3c68b42,185,96ae4597-5ecc-4b1e-88f9-0a8e0183ffaf
109,941dcd7b-e7e9-4284-bf1c-cfe7835f1875,186,1cd6a0a6-11ba-4740-9186-f03167c21844
287,44f014e1-b1e9-4cf9-8ba4-7a8dc3c68b42,188,5c4e70c8-a25e-4893-8eb6-b72a51ae0d97
287,44f014e1-b1e9-4cf9-8ba4-7a8dc3c68b42,190,2e91e08a-6298-4a3c-98f3-5b1a5aa386a1
289,44f014e1-b1e9-4cf9-8ba4-7a8dc3c68b42,191,0a7a6d8b-ad60-4210-9b7b-ec345a80b4f4
212,44f014e1-b1e9-4cf9-8ba4-7a8dc3c68b42,192,ae07f728-8ec1-4375-aafd-fef64733511b
218,44f014e1-b1e9-4cf9-8ba4-7a8dc3c68b42,195,deafd8cc-dce1-42cd-adf5-2846ca0d5710
219,44f014e1-b1e9-4cf9-8ba4-7a8dc3c68b42,196,551457ba-0ea6-45df-bf29-4ae243425af4
230,44f014e1-b1e9-4cf9-8ba4-7a8dc3c68b42,206,22e8c870-da8e-4d31-8077-2baacfb2a704
237,44f014e1-b1e9-4cf9-8ba4-7a8dc3c68b42,208,2b77ee67-dc73-41ee-b3a6-abf9a85855f0
219,44f014e1-b1e9-4cf9-8ba4-7a8dc3c68b42,197,c7e4aa50-0e9b-4b04-acaa-497a9eab78e4
220,44f014e1-b1e9-4cf9-8ba4-7a8dc3c68b42,198,f688b8b5-4083-4802-bb6d-b84a635bafad
151,eb3dd514-7013-49dd-b726-4420cf23a7fa,199,e0ba70c7-1e4d-4c09-a137-9488ff2fe6f3
243,44f014e1-b1e9-4cf9-8ba4-7a8dc3c68b42,215,9da0ae82-22e2-451a-af10-833eb6f8aa5e
160,eb3dd514-7013-49dd-b726-4420cf23a7fa,223,fd759882-d013-4732-91c4-95a8a9c82c41
222,44f014e1-b1e9-4cf9-8ba4-7a8dc3c68b42,200,d5574d37-b68c-4fa0-8928-b67e456ddc5d
225,44f014e1-b1e9-4cf9-8ba4-7a8dc3c68b42,201,79d4e1f2-59e7-409a-b62e-933fef4ca096
228,44f014e1-b1e9-4cf9-8ba4-7a8dc3c68b42,203,c172ad83-47aa-40b0-a160-005cef1b2535
229,44f014e1-b1e9-4cf9-8ba4-7a8dc3c68b42,204,87d21afd-a660-4721-a99b-96302791d00e
155,eb3dd514-7013-49dd-b726-4420cf23a7fa,209,e2fa5fb1-2aec-4fa9-868b-59f26c391bbe
155,eb3dd514-7013-49dd-b726-4420cf23a7fa,210,7310baad-ce31-4f40-9421-210dad5e9eb3
17,eb3dd514-7013-49dd-b726-4420cf23a7fa,210,7310baad-ce31-4f40-9421-210dad5e9eb3
239,44f014e1-b1e9-4cf9-8ba4-7a8dc3c68b42,211,b583c6ba-9b29-4314-90ec-98c3d3c37651
240,44f014e1-b1e9-4cf9-8ba4-7a8dc3c68b42,212,fa971fbe-8ae3-431d-97e6-fc11b5f99c16
241,44f014e1-b1e9-4cf9-8ba4-7a8dc3c68b42,213,b1b3446b-a90c-4ed1-850e-cd9c381c4c64
244,44f014e1-b1e9-4cf9-8ba4-7a8dc3c68b42,216,c1b2f15d-3995-4903-b1a8-676b6019d680
270,44f014e1-b1e9-4cf9-8ba4-7a8dc3c68b42,234,248ca646-7f59-458d-8c9f-0cad5dfbfa64
271,44f014e1-b1e9-4cf9-8ba4-7a8dc3c68b42,235,30560bf0-6653-4e86-89d0-a652ebfbdeae
256,44f014e1-b1e9-4cf9-8ba4-7a8dc3c68b42,226,2df879c7-cdd6-4e40-bc40-d4784b9363ce
245,44f014e1-b1e9-4cf9-8ba4-7a8dc3c68b42,217,c241e76d-6d21-460a-88a9-8e82bf2cd8c5
250,44f014e1-b1e9-4cf9-8ba4-7a8dc3c68b42,218,07ff3b7a-78f1-43a7-949e-da4ca9c67dc9
251,44f014e1-b1e9-4cf9-8ba4-7a8dc3c68b42,219,cddc799f-fe67-4d6b-9db3-82839e632fe4
252,44f014e1-b1e9-4cf9-8ba4-7a8dc3c68b42,220,357025b3-1982-4004-ad0e-d942431af725
107,941dcd7b-e7e9-4284-bf1c-cfe7835f1875,221,481a3fde-941b-46a5-adf0-2ccd73435d25
255,44f014e1-b1e9-4cf9-8ba4-7a8dc3c68b42,224,e360dff8-98f1-483c-9d4a-b89f99af0a10
255,44f014e1-b1e9-4cf9-8ba4-7a8dc3c68b42,225,11cee53b-0659-4f93-be28-a0aeab02e6c4
258,44f014e1-b1e9-4cf9-8ba4-7a8dc3c68b42,227,0f93ca7a-ce60-425b-8459-444aca792fe2
258,44f014e1-b1e9-4cf9-8ba4-7a8dc3c68b42,228,75edd9bf-5d68-424c-9b24-30ffb9625620
259,44f014e1-b1e9-4cf9-8ba4-7a8dc3c68b42,229,89ef1823-92e0-4074-8000-5693456f357c
263,44f014e1-b1e9-4cf9-8ba4-7a8dc3c68b42,231,b582192e-b2cc-4486-8148-5129015628f5
265,44f014e1-b1e9-4cf9-8ba4-7a8dc3c68b42,232,fb8b7eb8-0742-422a-9a33-e5f67143b318
266,44f014e1-b1e9-4cf9-8ba4-7a8dc3c68b42,233,e17fb6d5-81cb-45ce-905d-319e6cd188d0
283,44f014e1-b1e9-4cf9-8ba4-7a8dc3c68b42,252,8105087b-c5d3-437a-b51b-06744a7d8af7
276,44f014e1-b1e9-4cf9-8ba4-7a8dc3c68b42,238,65bda407-7bfd-4bdd-bc10-64eae3c5414e
277,44f014e1-b1e9-4cf9-8ba4-7a8dc3c68b42,239,15e96724-c51b-4109-a60e-130f5383eb9b
277,44f014e1-b1e9-4cf9-8ba4-7a8dc3c68b42,240,4613de72-c95d-4744-9359-b1f0338cafbc
277,44f014e1-b1e9-4cf9-8ba4-7a8dc3c68b42,241,a6644a94-ae4c-4df0-b1ea-39e9e0cc11cb
278,44f014e1-b1e9-4cf9-8ba4-7a8dc3c68b42,242,36c08c96-67fe-4973-ba1a-b6f33d2576cc
108,941dcd7b-e7e9-4284-bf1c-cfe7835f1875,243,ffa16c80-7ce3-4eb2-97e6-32a2754ea090
278,44f014e1-b1e9-4cf9-8ba4-7a8dc3c68b42,244,21394e1d-b497-4d6b-a84a-50120f94a812
285,44f014e1-b1e9-4cf9-8ba4-7a8dc3c68b42,253,0d465d65-65c2-4c38-a215-ff79e8518e8e
250,44f014e1-b1e9-4cf9-8ba4-7a8dc3c68b42,385,e8fb80b9-c7e1-414c-aa20-4627a018b199
112,941dcd7b-e7e9-4284-bf1c-cfe7835f1875,245,a2f1de5d-72bc-4556-9950-2de1d1ea9f1f
246,44f014e1-b1e9-4cf9-8ba4-7a8dc3c68b42,282,9452f646-7ec4-4735-900e-f3cb7f4bae5f
167,eb3dd514-7013-49dd-b726-4420cf23a7fa,246,e9136ad7-ae78-41b6-ac28-6e8651a80949
113,941dcd7b-e7e9-4284-bf1c-cfe7835f1875,247,7dd48f12-a104-41db-b5e8-0499fd41e2df
114,941dcd7b-e7e9-4284-bf1c-cfe7835f1875,248,258aeaf7-8720-4104-9c42-6c20317450a7
168,eb3dd514-7013-49dd-b726-4420cf23a7fa,249,430c4d28-ea70-4315-9864-0ea6fe4e23b1
168,eb3dd514-7013-49dd-b726-4420cf23a7fa,250,25947f5e-373c-4c16-ba82-013d99a68fc5
22,eb3dd514-7013-49dd-b726-4420cf23a7fa,250,25947f5e-373c-4c16-ba82-013d99a68fc5
168,eb3dd514-7013-49dd-b726-4420cf23a7fa,251,9989a055-bc6b-455b-be6c-a08198429a78
170,eb3dd514-7013-49dd-b726-4420cf23a7fa,255,0dd05f30-643d-46c8-bd42-d99e152cf772
23,eb3dd514-7013-49dd-b726-4420cf23a7fa,255,0dd05f30-643d-46c8-bd42-d99e152cf772
287,44f014e1-b1e9-4cf9-8ba4-7a8dc3c68b42,257,8890dbb4-32e1-489b-b2fa-83309923f961
288,44f014e1-b1e9-4cf9-8ba4-7a8dc3c68b42,258,e69f3556-d307-4208-8f2c-7df1c3502ae1
214,44f014e1-b1e9-4cf9-8ba4-7a8dc3c68b42,259,5246a5ca-4325-445f-b50c-32245a0e8125
216,44f014e1-b1e9-4cf9-8ba4-7a8dc3c68b42,260,8e367ba0-f18e-497c-bea4-87ae2b9a1e98
216,44f014e1-b1e9-4cf9-8ba4-7a8dc3c68b42,261,8c872fd3-6762-4368-a6f3-a762cd0ec4f3
217,44f014e1-b1e9-4cf9-8ba4-7a8dc3c68b42,262,5a794483-a888-4d3f-ba28-ad3c05e994e1
219,44f014e1-b1e9-4cf9-8ba4-7a8dc3c68b42,263,a31f9a48-e4e9-4b4b-84db-843acbbc6594
151,eb3dd514-7013-49dd-b726-4420cf23a7fa,264,b57b12ab-0b82-4214-bb3b-68ce3cb8ed30
244,44f014e1-b1e9-4cf9-8ba4-7a8dc3c68b42,279,932f3177-2833-4f54-bb42-a4a8a578b9cb
224,44f014e1-b1e9-4cf9-8ba4-7a8dc3c68b42,265,78ee8005-63b8-4814-beda-7d4456416a56
224,44f014e1-b1e9-4cf9-8ba4-7a8dc3c68b42,266,8be2b509-a988-4aa9-9d65-9ee129dfa151
226,44f014e1-b1e9-4cf9-8ba4-7a8dc3c68b42,267,5f1cfb5a-c9e6-4fc4-9133-d4e8135d49d2
226,44f014e1-b1e9-4cf9-8ba4-7a8dc3c68b42,268,a4c40732-84e7-42ff-898d-36f72a9ce6e0
227,44f014e1-b1e9-4cf9-8ba4-7a8dc3c68b42,269,78d0d698-0aa0-43e4-8188-9ab1cf81b2e3
233,44f014e1-b1e9-4cf9-8ba4-7a8dc3c68b42,271,54e8445a-6a70-40f0-9c3f-f394e89fd7cd
234,44f014e1-b1e9-4cf9-8ba4-7a8dc3c68b42,272,8857b296-7c87-43a6-a1dc-56fcc59a716b
234,44f014e1-b1e9-4cf9-8ba4-7a8dc3c68b42,273,9168596e-3be9-44b8-a305-620134ed802f
239,44f014e1-b1e9-4cf9-8ba4-7a8dc3c68b42,276,e5503ffb-c531-4155-b896-e855e095bbaf
156,eb3dd514-7013-49dd-b726-4420cf23a7fa,277,567b100e-3ea4-430e-a59c-d9a3d9c63ae8
242,44f014e1-b1e9-4cf9-8ba4-7a8dc3c68b42,278,6aa427a1-e5f5-4954-9446-ec9299907d31
245,44f014e1-b1e9-4cf9-8ba4-7a8dc3c68b42,280,7d46c45e-605b-4661-9aac-2f05fe7175b2
246,44f014e1-b1e9-4cf9-8ba4-7a8dc3c68b42,281,127ee50d-f445-424a-ad78-3c6da26ac67c
249,44f014e1-b1e9-4cf9-8ba4-7a8dc3c68b42,384,a2b95015-d665-40c1-a363-14544aa707b5
246,44f014e1-b1e9-4cf9-8ba4-7a8dc3c68b42,283,8dcc98f2-e947-4463-bc9f-e83554686c94
157,eb3dd514-7013-49dd-b726-4420cf23a7fa,284,f8ec9098-ef87-4940-8766-35422a1f54d0
249,44f014e1-b1e9-4cf9-8ba4-7a8dc3c68b42,285,fb694fec-5667-4b47-b81d-f2905088f663
252,44f014e1-b1e9-4cf9-8ba4-7a8dc3c68b42,286,5f328ae9-a715-425c-a2ab-690933fc7ea2
256,44f014e1-b1e9-4cf9-8ba4-7a8dc3c68b42,288,acdad945-95ba-4f22-965f-985dd20dd949
278,44f014e1-b1e9-4cf9-8ba4-7a8dc3c68b42,297,4f8744a2-8f4c-4e01-9d78-5454af851b2b
223,44f014e1-b1e9-4cf9-8ba4-7a8dc3c68b42,314,429a8b38-be11-43fe-9d8a-b21d7bc66a09
265,44f014e1-b1e9-4cf9-8ba4-7a8dc3c68b42,292,78d0264f-42f9-4928-a346-fa8abc8878ee
111,941dcd7b-e7e9-4284-bf1c-cfe7835f1875,302,029130b4-9ea8-4b10-ae1b-d053d2b65f33
266,44f014e1-b1e9-4cf9-8ba4-7a8dc3c68b42,293,e01b06ea-024c-45e1-814e-8bb1e7ecb40d
164,eb3dd514-7013-49dd-b726-4420cf23a7fa,294,98ddffe6-f435-4771-8f08-051b1ee5a5de
164,eb3dd514-7013-49dd-b726-4420cf23a7fa,295,94405a25-5631-4184-b784-a531c5c9d9f1
278,44f014e1-b1e9-4cf9-8ba4-7a8dc3c68b42,296,c42f5ff2-cdec-495e-8f03-29fdab01d071
278,44f014e1-b1e9-4cf9-8ba4-7a8dc3c68b42,298,6a99f5b3-afdc-48e8-b84b-ef7ccf63f046
166,eb3dd514-7013-49dd-b726-4420cf23a7fa,299,2cc98c53-bd32-4c08-98fe-90493b34cf96
22,eb3dd514-7013-49dd-b726-4420cf23a7fa,299,2cc98c53-bd32-4c08-98fe-90493b34cf96
109,941dcd7b-e7e9-4284-bf1c-cfe7835f1875,300,93f08e02-5cc6-4302-ad37-5f6fc595ba46
111,941dcd7b-e7e9-4284-bf1c-cfe7835f1875,301,eddbdf6c-9721-4c8c-a34f-c2274038ec4a
226,44f014e1-b1e9-4cf9-8ba4-7a8dc3c68b42,319,9df8ba33-aa26-4eb2-9662-82b93a0145d9
166,eb3dd514-7013-49dd-b726-4420cf23a7fa,303,74a2ea76-f61f-45dd-9f5e-2eb97e1bcb74
170,eb3dd514-7013-49dd-b726-4420cf23a7fa,304,4360f744-882a-4b0d-8b4c-b8091db90dd6
23,eb3dd514-7013-49dd-b726-4420cf23a7fa,304,4360f744-882a-4b0d-8b4c-b8091db90dd6
285,44f014e1-b1e9-4cf9-8ba4-7a8dc3c68b42,305,34ad230c-0bea-428a-a8c6-a55c66a438ce
222,44f014e1-b1e9-4cf9-8ba4-7a8dc3c68b42,313,4de3adbe-1922-4dea-a10a-a8537386fbe2
170,eb3dd514-7013-49dd-b726-4420cf23a7fa,306,0a474012-5f18-4625-a61b-687f167be5fa
23,eb3dd514-7013-49dd-b726-4420cf23a7fa,306,0a474012-5f18-4625-a61b-687f167be5fa
233,44f014e1-b1e9-4cf9-8ba4-7a8dc3c68b42,326,2050f680-e600-4257-b468-8036e95a092b
213,44f014e1-b1e9-4cf9-8ba4-7a8dc3c68b42,307,9dc99698-06ce-4938-adfb-01fce4b3ce55
213,44f014e1-b1e9-4cf9-8ba4-7a8dc3c68b42,308,2e199eca-1f76-42f6-ab62-62e24d8e2373
216,44f014e1-b1e9-4cf9-8ba4-7a8dc3c68b42,309,7374fe24-b058-44a0-881b-4193d986e986
216,44f014e1-b1e9-4cf9-8ba4-7a8dc3c68b42,310,c6f00c08-0c20-4028-b1ed-657549aa25f2
221,44f014e1-b1e9-4cf9-8ba4-7a8dc3c68b42,312,5fd4088d-fe37-4fc2-bb36-f41bc5e16658
224,44f014e1-b1e9-4cf9-8ba4-7a8dc3c68b42,316,b964d7c8-c156-400c-adbb-e0ed11d48e02
225,44f014e1-b1e9-4cf9-8ba4-7a8dc3c68b42,317,45d48b82-700d-4bda-909c-c10d396224c3
226,44f014e1-b1e9-4cf9-8ba4-7a8dc3c68b42,318,bd9ccbd4-fd3c-4812-9dc4-6247ba6755e1
227,44f014e1-b1e9-4cf9-8ba4-7a8dc3c68b42,320,3dd37170-d135-4b18-9205-ee14ab377be5
16,eb3dd514-7013-49dd-b726-4420cf23a7fa,321,3451e9eb-12d3-41b8-8cac-8e4feff58c1e
153,eb3dd514-7013-49dd-b726-4420cf23a7fa,323,4a213b03-9037-42d0-81d0-e44327ceba5a
153,eb3dd514-7013-49dd-b726-4420cf23a7fa,324,a8de8804-d133-48ba-a4a4-15bafc2b06f5
231,44f014e1-b1e9-4cf9-8ba4-7a8dc3c68b42,325,05224b18-5363-412e-9b1c-bba260e113bd
258,44f014e1-b1e9-4cf9-8ba4-7a8dc3c68b42,342,08885028-98a0-42d2-aeb0-444c6c064ad5
283,44f014e1-b1e9-4cf9-8ba4-7a8dc3c68b42,361,f80ad17a-0f12-4891-a9ad-98a981114ab4
235,44f014e1-b1e9-4cf9-8ba4-7a8dc3c68b42,327,f4e38d8f-a658-4218-ac47-1b62f3349dd3
236,44f014e1-b1e9-4cf9-8ba4-7a8dc3c68b42,328,bff9955b-6808-4672-9105-0d7e15537bcd
155,eb3dd514-7013-49dd-b726-4420cf23a7fa,329,95dd909e-7c60-4451-90d3-942376bcfaf8
155,eb3dd514-7013-49dd-b726-4420cf23a7fa,330,7868a6bf-9bec-4c5d-88e8-76572d4adc47
242,44f014e1-b1e9-4cf9-8ba4-7a8dc3c68b42,331,74ff6492-6643-43c0-a5c3-79973c085794
244,44f014e1-b1e9-4cf9-8ba4-7a8dc3c68b42,332,24764e8c-057b-42af-8daa-b30fe47e0a0a
246,44f014e1-b1e9-4cf9-8ba4-7a8dc3c68b42,333,2afc8262-3839-449c-9e1e-33821b805c8d
260,44f014e1-b1e9-4cf9-8ba4-7a8dc3c68b42,343,5917df17-e4a6-43f5-a870-a10120877967
249,44f014e1-b1e9-4cf9-8ba4-7a8dc3c68b42,334,058b5eeb-1bc9-4878-89a5-e0797ce892fa
251,44f014e1-b1e9-4cf9-8ba4-7a8dc3c68b42,335,0d90b104-da4d-4dbc-b348-6364313528dd
157,eb3dd514-7013-49dd-b726-4420cf23a7fa,336,6cdc831d-c8d8-49c2-b922-989275bbd709
158,eb3dd514-7013-49dd-b726-4420cf23a7fa,337,61dfd331-72fe-41a0-8e3d-0bfca45d6ef3
19,eb3dd514-7013-49dd-b726-4420cf23a7fa,337,61dfd331-72fe-41a0-8e3d-0bfca45d6ef3
158,eb3dd514-7013-49dd-b726-4420cf23a7fa,338,755cb803-a23a-41b9-892b-af0aaf0d4082
254,44f014e1-b1e9-4cf9-8ba4-7a8dc3c68b42,339,f51bb72c-7665-4e88-8d34-9b603bf2b4ca
254,44f014e1-b1e9-4cf9-8ba4-7a8dc3c68b42,340,7ffd1975-a31f-4f24-b756-3ec1114cab0b
261,44f014e1-b1e9-4cf9-8ba4-7a8dc3c68b42,344,7ccb47b7-39bb-4408-af41-c3dee1c4a261
163,eb3dd514-7013-49dd-b726-4420cf23a7fa,345,a0b80d65-c75e-4b6b-8b18-bd523a1b63c0
264,44f014e1-b1e9-4cf9-8ba4-7a8dc3c68b42,346,9632c723-aedd-487a-8377-417fa8fb15ee
265,44f014e1-b1e9-4cf9-8ba4-7a8dc3c68b42,347,6c308da3-b34d-4133-9b97-5ac4cfc3da3d
270,44f014e1-b1e9-4cf9-8ba4-7a8dc3c68b42,348,5adfb1a8-a32c-4084-adc7-3296440ddeb8
271,44f014e1-b1e9-4cf9-8ba4-7a8dc3c68b42,350,4633eaf6-ce9e-481a-986f-f50737b5a3b8
285,44f014e1-b1e9-4cf9-8ba4-7a8dc3c68b42,362,1561b7e7-db50-4f1a-8eb9-57c6566a07e6
273,44f014e1-b1e9-4cf9-8ba4-7a8dc3c68b42,351,133a3578-2c73-4dfe-b7e2-1e527b38d5aa
274,44f014e1-b1e9-4cf9-8ba4-7a8dc3c68b42,352,5b8fc61c-1416-442e-b3b3-7702b9f3d959
165,eb3dd514-7013-49dd-b726-4420cf23a7fa,353,93f2c209-41db-4bf2-8589-98ae912d4bd4
166,eb3dd514-7013-49dd-b726-4420cf23a7fa,354,cb054123-1c94-42b7-a35a-2ed5dcb77b62
110,941dcd7b-e7e9-4284-bf1c-cfe7835f1875,355,6fea3a4f-5960-4743-8c6d-1ecaefdef96f
279,44f014e1-b1e9-4cf9-8ba4-7a8dc3c68b42,356,c9cfbbc3-9c0d-4105-873c-47b7e52c9be4
167,eb3dd514-7013-49dd-b726-4420cf23a7fa,357,ca172569-6bb0-4950-ad3f-08d7ba26e1f6
225,44f014e1-b1e9-4cf9-8ba4-7a8dc3c68b42,412,26570e85-5a74-487f-aac3-e161e7da4ccf
170,eb3dd514-7013-49dd-b726-4420cf23a7fa,363,d58b48fc-9a41-4f13-bbe6-a1dd916e4d08
226,44f014e1-b1e9-4cf9-8ba4-7a8dc3c68b42,371,a5760a95-169f-4ef4-845e-a1351a28961f
280,44f014e1-b1e9-4cf9-8ba4-7a8dc3c68b42,358,33f025ea-a9ca-4146-9c70-ada8183edfde
282,44f014e1-b1e9-4cf9-8ba4-7a8dc3c68b42,359,42d82183-1cfe-4792-8eda-4ab65cd9ee47
169,eb3dd514-7013-49dd-b726-4420cf23a7fa,360,6466aa02-bfc2-4788-b100-7d65e2904c08
22,eb3dd514-7013-49dd-b726-4420cf23a7fa,360,6466aa02-bfc2-4788-b100-7d65e2904c08
287,44f014e1-b1e9-4cf9-8ba4-7a8dc3c68b42,364,4a8867cd-4597-4e32-a138-f8290ff605e1
171,eb3dd514-7013-49dd-b726-4420cf23a7fa,365,ce1caae7-9ce7-4851-ba55-7562e6a2ad59
214,44f014e1-b1e9-4cf9-8ba4-7a8dc3c68b42,366,7abc0c2c-0d60-491a-956a-19cc61250141
218,44f014e1-b1e9-4cf9-8ba4-7a8dc3c68b42,367,7d5a3096-df71-4ad2-87cd-41fa68e73661
150,eb3dd514-7013-49dd-b726-4420cf23a7fa,368,f65cfbec-9b58-45eb-8210-aa645758f11b
15,eb3dd514-7013-49dd-b726-4420cf23a7fa,368,f65cfbec-9b58-45eb-8210-aa645758f11b
221,44f014e1-b1e9-4cf9-8ba4-7a8dc3c68b42,369,7eaa1abf-efbe-4212-947f-8b952bd5c76e
221,44f014e1-b1e9-4cf9-8ba4-7a8dc3c68b42,370,98a95729-fa86-40cb-96d3-27ea1a555a6c
227,44f014e1-b1e9-4cf9-8ba4-7a8dc3c68b42,372,081974e1-0779-4e02-b477-2ea9730ca3f6
152,eb3dd514-7013-49dd-b726-4420cf23a7fa,373,a451b5f3-9a6d-49b3-8392-73cc1ecc480c
229,44f014e1-b1e9-4cf9-8ba4-7a8dc3c68b42,374,86e026aa-b557-4b49-861b-168ade1a2d51
233,44f014e1-b1e9-4cf9-8ba4-7a8dc3c68b42,375,67b02c58-fb2e-434d-9019-c205e3b412aa
154,eb3dd514-7013-49dd-b726-4420cf23a7fa,377,77a4cc1f-ee5f-4ceb-a4cf-9b9bc05fd2ae
238,44f014e1-b1e9-4cf9-8ba4-7a8dc3c68b42,378,422933fd-17b1-4794-afad-b0a7c69e5819
240,44f014e1-b1e9-4cf9-8ba4-7a8dc3c68b42,379,ffd4f71d-ff75-4d79-83b4-b482224a4242
243,44f014e1-b1e9-4cf9-8ba4-7a8dc3c68b42,380,37dcfceb-5727-4b9a-90ff-0df53cc962e6
243,44f014e1-b1e9-4cf9-8ba4-7a8dc3c68b42,381,27b3ede0-5bf7-47cc-8f19-c3f740cd0e50
245,44f014e1-b1e9-4cf9-8ba4-7a8dc3c68b42,382,3ec667eb-3679-4bba-b99a-aee6ab36f6a5
248,44f014e1-b1e9-4cf9-8ba4-7a8dc3c68b42,383,7a1b4d73-9647-408d-a0a1-7c9a9e9d10bc
159,eb3dd514-7013-49dd-b726-4420cf23a7fa,387,42c6e1f6-866f-4e3f-b4ff-21b504d0a384
19,eb3dd514-7013-49dd-b726-4420cf23a7fa,387,42c6e1f6-866f-4e3f-b4ff-21b504d0a384
159,eb3dd514-7013-49dd-b726-4420cf23a7fa,388,f364364a-a6de-4fb4-bf75-3fdf7027452a
19,eb3dd514-7013-49dd-b726-4420cf23a7fa,388,f364364a-a6de-4fb4-bf75-3fdf7027452a
159,eb3dd514-7013-49dd-b726-4420cf23a7fa,389,3a730099-76f9-45dd-aebd-0b321790a7cf
19,eb3dd514-7013-49dd-b726-4420cf23a7fa,389,3a730099-76f9-45dd-aebd-0b321790a7cf
160,eb3dd514-7013-49dd-b726-4420cf23a7fa,390,defb9cf9-5b5f-489c-a6e2-79e0a8f51c8a
20,eb3dd514-7013-49dd-b726-4420cf23a7fa,390,defb9cf9-5b5f-489c-a6e2-79e0a8f51c8a
160,eb3dd514-7013-49dd-b726-4420cf23a7fa,451,90adfcf2-f7c4-4f75-98da-8b70e5a0d6b1
257,44f014e1-b1e9-4cf9-8ba4-7a8dc3c68b42,391,8b15b8eb-821f-4db4-94de-87f67c840b0f
258,44f014e1-b1e9-4cf9-8ba4-7a8dc3c68b42,392,b7309309-509e-4048-b204-40f145a5214e
161,eb3dd514-7013-49dd-b726-4420cf23a7fa,393,00d00260-f91b-4a4e-b103-e5768edf5be4
263,44f014e1-b1e9-4cf9-8ba4-7a8dc3c68b42,394,8de76b66-b814-457c-8edc-6db46d4299cc
265,44f014e1-b1e9-4cf9-8ba4-7a8dc3c68b42,397,bfa087fd-2a59-4cb2-86e5-b94536aa52c0
163,eb3dd514-7013-49dd-b726-4420cf23a7fa,398,711a11bb-6245-4282-8818-dc1e0c6ee35f
21,eb3dd514-7013-49dd-b726-4420cf23a7fa,398,711a11bb-6245-4282-8818-dc1e0c6ee35f
269,44f014e1-b1e9-4cf9-8ba4-7a8dc3c68b42,399,5199bde2-f30b-4278-95a5-3e6a94041589
288,44f014e1-b1e9-4cf9-8ba4-7a8dc3c68b42,410,ae419518-106f-494e-84d8-b630ef6bc4e0
289,44f014e1-b1e9-4cf9-8ba4-7a8dc3c68b42,411,39683077-a64a-463f-a81b-36a699b85e76
165,eb3dd514-7013-49dd-b726-4420cf23a7fa,401,883932a1-586a-4a7f-8546-9afa57e16ec0
112,941dcd7b-e7e9-4284-bf1c-cfe7835f1875,402,9413941a-79c1-4851-ab85-94e91b28ef96
279,44f014e1-b1e9-4cf9-8ba4-7a8dc3c68b42,403,0da0206f-21e8-49f5-a857-c55bfd82defb
283,44f014e1-b1e9-4cf9-8ba4-7a8dc3c68b42,406,b0221bfa-3ce1-4a9f-a978-f595023260eb
284,44f014e1-b1e9-4cf9-8ba4-7a8dc3c68b42,407,f8180652-e8ab-4d57-b328-64858ef87841
285,44f014e1-b1e9-4cf9-8ba4-7a8dc3c68b42,408,47edab90-d136-4e19-9210-1eea5d7cfadc
287,44f014e1-b1e9-4cf9-8ba4-7a8dc3c68b42,409,d7f7b0e2-752c-4b7b-a104-1af9c99f8784
152,eb3dd514-7013-49dd-b726-4420cf23a7fa,413,c6398c9e-651b-4db4-a416-0a5a521f7eb8
279,44f014e1-b1e9-4cf9-8ba4-7a8dc3c68b42,456,c6266687-5763-455b-b84d-fc841af75bcf
230,44f014e1-b1e9-4cf9-8ba4-7a8dc3c68b42,414,78b69a36-47ab-4034-9f42-d22dfc38d434
234,44f014e1-b1e9-4cf9-8ba4-7a8dc3c68b42,415,bb68f181-ef76-4d69-be92-f0c0981e251c
106,941dcd7b-e7e9-4284-bf1c-cfe7835f1875,416,7b971e6c-60ba-4948-9019-5dd8d149052b
238,44f014e1-b1e9-4cf9-8ba4-7a8dc3c68b42,417,943f8b3d-bc5b-4e54-93a8-17e5ea81a479
242,44f014e1-b1e9-4cf9-8ba4-7a8dc3c68b42,419,2a8c1c5a-6887-4265-80b8-4d98766a4c3f
243,44f014e1-b1e9-4cf9-8ba4-7a8dc3c68b42,420,5691c59c-9f2c-454c-bf4b-42df192d29df
260,44f014e1-b1e9-4cf9-8ba4-7a8dc3c68b42,421,d41cc063-69ed-4b95-9ae5-5d0190c9ff3b
266,44f014e1-b1e9-4cf9-8ba4-7a8dc3c68b42,424,af005d54-dfbd-4885-87a7-d8e27bb7d833
163,eb3dd514-7013-49dd-b726-4420cf23a7fa,425,d2137d0c-b1c4-48dc-8a57-3e9130013ead
235,44f014e1-b1e9-4cf9-8ba4-7a8dc3c68b42,444,6ed00f90-d003-4eae-b403-502e8c5bb63c
236,44f014e1-b1e9-4cf9-8ba4-7a8dc3c68b42,445,fb1cf92b-d4a8-4418-9735-2c733a287a05
267,44f014e1-b1e9-4cf9-8ba4-7a8dc3c68b42,426,e61c4d30-5f55-40e7-91d1-631957453a2b
270,44f014e1-b1e9-4cf9-8ba4-7a8dc3c68b42,427,0978eb93-2b99-4f48-9871-6300d3663548
271,44f014e1-b1e9-4cf9-8ba4-7a8dc3c68b42,428,e9393c56-43b9-4b18-a5ac-383cf172e59c
272,44f014e1-b1e9-4cf9-8ba4-7a8dc3c68b42,429,79e9c744-697f-4044-b08b-6fdca41b0dd7
272,44f014e1-b1e9-4cf9-8ba4-7a8dc3c68b42,430,0db43bdc-f168-4ea9-9b76-a156b4d1b8ae
274,44f014e1-b1e9-4cf9-8ba4-7a8dc3c68b42,431,b2bf2ebe-8486-49ed-a29d-699ae32c0df1
259,44f014e1-b1e9-4cf9-8ba4-7a8dc3c68b42,454,9a6a600b-0fc9-48b8-92f0-31ee94736cac
276,44f014e1-b1e9-4cf9-8ba4-7a8dc3c68b42,432,bf1198b7-5a68-4985-8e00-48730f462a6d
167,eb3dd514-7013-49dd-b726-4420cf23a7fa,435,3953aa09-d510-48b7-a64a-52a9c713ee8e
171,eb3dd514-7013-49dd-b726-4420cf23a7fa,436,cea358b2-671f-44e6-bdb6-abc9a798f5f6
24,eb3dd514-7013-49dd-b726-4420cf23a7fa,436,cea358b2-671f-44e6-bdb6-abc9a798f5f6
212,44f014e1-b1e9-4cf9-8ba4-7a8dc3c68b42,438,0d37ddd0-7039-439e-858e-3ed1632d31f7
267,44f014e1-b1e9-4cf9-8ba4-7a8dc3c68b42,455,e6b52c6a-88bd-4ba1-88d9-aaffcdc97938
239,44f014e1-b1e9-4cf9-8ba4-7a8dc3c68b42,446,fc72f5bc-1d5d-4dc8-8539-dfaa0f240188
213,44f014e1-b1e9-4cf9-8ba4-7a8dc3c68b42,439,fe80424c-0d40-46c4-b598-0bd2dcd734b1
214,44f014e1-b1e9-4cf9-8ba4-7a8dc3c68b42,440,aee1fbdc-3730-46c0-9159-756abace3488
222,44f014e1-b1e9-4cf9-8ba4-7a8dc3c68b42,441,781cea11-df5f-460d-8ea3-d90fec0dfda9
228,44f014e1-b1e9-4cf9-8ba4-7a8dc3c68b42,442,85f1699d-3c8f-457b-8c01-a76d91991f9b
231,44f014e1-b1e9-4cf9-8ba4-7a8dc3c68b42,443,0bde7819-e08c-4e72-bcd5-b586de723bac
244,44f014e1-b1e9-4cf9-8ba4-7a8dc3c68b42,462,7c281a33-f4c6-4aee-8a7d-c350b1f35e64
251,44f014e1-b1e9-4cf9-8ba4-7a8dc3c68b42,448,bae94a9e-d7bf-4f8a-bb2b-5dd513204e49
157,eb3dd514-7013-49dd-b726-4420cf23a7fa,449,b3446e96-cd26-4935-b56f-f6e72805ab59
253,44f014e1-b1e9-4cf9-8ba4-7a8dc3c68b42,450,8a2cac97-2c6c-4166-b410-900188de0816
252,44f014e1-b1e9-4cf9-8ba4-7a8dc3c68b42,463,1e132884-30b6-4548-be92-ed50d803f8d9
160,eb3dd514-7013-49dd-b726-4420cf23a7fa,464,3f5905e7-a152-4f08-9413-8a54cde5f268
161,eb3dd514-7013-49dd-b726-4420cf23a7fa,453,b23a5598-7980-40e1-a610-209671976b79
281,44f014e1-b1e9-4cf9-8ba4-7a8dc3c68b42,457,5cc8f0be-eda4-44e9-8d76-7863fd4f27ce
284,44f014e1-b1e9-4cf9-8ba4-7a8dc3c68b42,458,3dbfd35e-3edc-4598-8d5a-c561a4c5b5bd
215,44f014e1-b1e9-4cf9-8ba4-7a8dc3c68b42,459,8b8ff409-257e-47ce-98d3-347573f902c9
106,941dcd7b-e7e9-4284-bf1c-cfe7835f1875,460,af18e37d-20c9-4b7c-a2ba-ef0474f4630f
160,eb3dd514-7013-49dd-b726-4420cf23a7fa,466,87312695-838c-430c-89f8-87146f045c86
259,44f014e1-b1e9-4cf9-8ba4-7a8dc3c68b42,467,1dc2679c-3b51-478f-a5ec-d3e6d563d3b8
266,44f014e1-b1e9-4cf9-8ba4-7a8dc3c68b42,468,7969ca1e-3c40-487e-a067-8689adf6415f
267,44f014e1-b1e9-4cf9-8ba4-7a8dc3c68b42,470,34d2652c-4622-4afd-9952-6201bf70f822
274,44f014e1-b1e9-4cf9-8ba4-7a8dc3c68b42,472,f4c61433-4989-4505-bbbc-f736f292460c
279,44f014e1-b1e9-4cf9-8ba4-7a8dc3c68b42,473,3e07f5bb-97ad-4a01-8ada-f886b851ce7b
283,44f014e1-b1e9-4cf9-8ba4-7a8dc3c68b42,474,a7a41cd3-a551-479d-bd25-8ec981f9384f
283,44f014e1-b1e9-4cf9-8ba4-7a8dc3c68b42,475,d0ef2508-2b79-4642-86fa-1bb77a8a2e98
284,44f014e1-b1e9-4cf9-8ba4-7a8dc3c68b42,476,8ce7b6ed-6799-475d-8e10-e3ad33502aea
288,44f014e1-b1e9-4cf9-8ba4-7a8dc3c68b42,477,1654d2e3-503d-4af0-b4b9-d0878e63f4ce
288,44f014e1-b1e9-4cf9-8ba4-7a8dc3c68b42,478,6d6d136f-1e34-44ca-874c-b8b2f3f08cd3
